<diseños>
  <Diseño>
    <tipo>Exterior</tipo>
    <medidas>20</medidas>
    <estilo>PopArt</estilo>
    <nombre>Hola</nombre>
    <terminado>0</terminado>
    <costoTotal />
    <userAutor />
  </Diseño>
  <Diseño>
    <tipo>Exterior</tipo>
    <medidas>20</medidas>
    <estilo>Moderno</estilo>
    <nombre>Parque</nombre>
    <terminado>0</terminado>
    <costoTotal>0</costoTotal>
    <userAutor />
  </Diseño>
  <Diseño>
    <tipo>Exterior</tipo>
    <medidas>20</medidas>
    <estilo>PopArt</estilo>
    <nombre>Hola</nombre>
    <terminado>0</terminado>
    <costoTotal>0</costoTotal>
    <userAutor>ro123</userAutor>
  </Diseño>
  <Diseño>
    <tipo>Interior</tipo>
    <medidas>11</medidas>
    <estilo>PopArt</estilo>
    <nombre>Parque Central</nombre>
    <terminado>0</terminado>
    <costoTotal>0</costoTotal>
    <userAutor>ro12345</userAutor>
  </Diseño>
  <Diseño>
    <tipo>Interior</tipo>
    <medidas>10</medidas>
    <estilo>Minimalista</estilo>
    <nombre>Parque Cristal</nombre>
    <terminado>1</terminado>
    <costoTotal>107.01</costoTotal>
    <userAutor>luisa123</userAutor>
  </Diseño>
  <Diseño>
    <tipo>Exterior</tipo>
    <medidas>10</medidas>
    <estilo>PopArt</estilo>
    <nombre>Parque Cristal</nombre>
    <terminado>0</terminado>
    <costoTotal>0</costoTotal>
    <userAutor>lola123</userAutor>
  </Diseño>
  <Diseño>
    <tipo>Exterior</tipo>
    <medidas>10</medidas>
    <estilo>PopArt</estilo>
    <nombre>Parque Cristal</nombre>
    <terminado>1</terminado>
    <costoTotal>191.92</costoTotal>
    <userAutor>lola123</userAutor>
  </Diseño>
  <Diseño>
    <tipo>Exterior</tipo>
    <medidas>10</medidas>
    <estilo>PopArt</estilo>
    <nombre>Parque Cristal</nombre>
    <terminado>0</terminado>
    <costoTotal>0</costoTotal>
    <userAutor>mario123</userAutor>
  </Diseño>
  <Diseño>
    <tipo>Exterior</tipo>
    <medidas>30</medidas>
    <estilo>PopArt</estilo>
    <nombre>Parque Crista</nombre>
    <terminado>0</terminado>
    <costoTotal>0</costoTotal>
    <userAutor>mario123</userAutor>
  </Diseño>
</diseños>