<root>
  <Material>
    <nombre>Guante de Kevlar resistente al corte</nombre>
    <diseno>parque</diseno>
    <rubro>Protección</rubro>
    <cantidad>1</cantidad>
    <costo>15.41</costo>
    <costototal>15.41</costototal>
  </Material>
  <Material>
    <nombre>Gafa de seguridad</nombre>
    <diseno>parque</diseno>
    <rubro>Protección</rubro>
    <cantidad>2</cantidad>
    <costo>6.45</costo>
    <costototal>12.9</costototal>
  </Material>
  <Material>
    <nombre>Máscara Media Cara Delta Plus</nombre>
    <diseno>parque</diseno>
    <rubro>Protección</rubro>
    <cantidad>3</cantidad>
    <costo>10.99</costo>
    <costototal>32.97</costototal>
  </Material>
  <Material>
    <nombre>Orejeras Interlagos2 Delta Plus</nombre>
    <diseno>parque</diseno>
    <rubro>Protección</rubro>
    <cantidad>4</cantidad>
    <costo>26.5</costo>
    <costototal>106.0</costototal>
  </Material>
  <Material>
    <nombre>Plancha de PVC</nombre>
    <diseno>Parque Cristal</diseno>
    <rubro>Estructura</rubro>
    <cantidad>1</cantidad>
    <costo>11.34</costo>
    <costototal>11.34</costototal>
  </Material>
  <Material>
    <nombre>Tubo PP Roscable</nombre>
    <diseno>Parque Cristal</diseno>
    <rubro>Estructura</rubro>
    <cantidad>3</cantidad>
    <costo>11.85</costo>
    <costototal>35.55</costototal>
  </Material>
  <Material>
    <nombre>Clavos de libra funda</nombre>
    <diseno>Parque Cristal</diseno>
    <rubro>Ensamblaje</rubro>
    <cantidad>2</cantidad>
    <costo>60.34</costo>
    <costototal>120.68</costototal>
  </Material>
  <Material>
    <nombre>Perno A325 1/2"x1-1/2" C/T + Arandela</nombre>
    <diseno>Parque Cristal</diseno>
    <rubro>Ensamblaje</rubro>
    <cantidad>3</cantidad>
    <costo>0.83</costo>
    <costototal>2.4899999999999998</costototal>
  </Material>
  <Material>
    <nombre>Guante de Kevlar resistente al corte</nombre>
    <diseno>Parque Cristal</diseno>
    <rubro>Protección</rubro>
    <cantidad>1</cantidad>
    <costo>15.41</costo>
    <costototal>15.41</costototal>
  </Material>
  <Material>
    <nombre>Gafa de seguridad</nombre>
    <diseno>Parque Cristal</diseno>
    <rubro>Protección</rubro>
    <cantidad>1</cantidad>
    <costo>6.45</costo>
    <costototal>6.45</costototal>
  </Material>
  <Material>
    <nombre>Plancha de PVC</nombre>
    <diseno>Lolipop</diseno>
    <rubro>Estructura</rubro>
    <cantidad>1</cantidad>
    <costo>11.34</costo>
    <costototal>11.34</costototal>
  </Material>
  <Material>
    <nombre>Tubo PP Roscable</nombre>
    <diseno>Lolipop</diseno>
    <rubro>Estructura</rubro>
    <cantidad>3</cantidad>
    <costo>11.85</costo>
    <costototal>35.55</costototal>
  </Material>
  <Material>
    <nombre>Máscara Media Cara Delta Plus</nombre>
    <diseno>Lolipop</diseno>
    <rubro>Protección</rubro>
    <cantidad>3</cantidad>
    <costo>10.99</costo>
    <costototal>32.97</costototal>
  </Material>
  <Material>
    <nombre>Orejeras Interlagos2 Delta Plus</nombre>
    <diseno>Lolipop</diseno>
    <rubro>Protección</rubro>
    <cantidad>3</cantidad>
    <costo>26.5</costo>
    <costototal>79.5</costototal>
  </Material>
  <Material>
    <nombre>Arco Sierra Elite 24"</nombre>
    <diseno>Nombres</diseno>
    <rubro>Herramienta</rubro>
    <cantidad>1</cantidad>
    <costo>4.59</costo>
    <costototal>4.59</costototal>
  </Material>
  <Material>
    <nombre>Cinta métrica Stanley</nombre>
    <diseno>Nombres</diseno>
    <rubro>Herramienta</rubro>
    <cantidad>4</cantidad>
    <costo>2.16</costo>
    <costototal>8.64</costototal>
  </Material>
  <Material>
    <nombre>Orejeras Interlagos2 Delta Plus</nombre>
    <diseno>Nombres</diseno>
    <rubro>Protección</rubro>
    <cantidad>2</cantidad>
    <costo>26.5</costo>
    <costototal>53.0</costototal>
  </Material>
  <Material>
    <nombre>Barniz tropical para exteriores galón wesco</nombre>
    <diseno>Nombre2</diseno>
    <rubro>Decoración</rubro>
    <cantidad>3</cantidad>
    <costo>35.93</costo>
    <costototal>107.78999999999999</costototal>
  </Material>
  <Material>
    <nombre>Guante de Kevlar resistente al corte</nombre>
    <diseno>Nombre2</diseno>
    <rubro>Protección</rubro>
    <cantidad>1</cantidad>
    <costo>15.41</costo>
    <costototal>15.41</costototal>
  </Material>
  <Material>
    <nombre>Máscara Media Cara Delta Plus</nombre>
    <diseno>Nombre2</diseno>
    <rubro>Protección</rubro>
    <cantidad>1</cantidad>
    <costo>10.99</costo>
    <costototal>10.99</costototal>
  </Material>
  <Material>
    <nombre>Silicona adhesiva de acrílico pantalla multiusos</nombre>
    <diseno>Nombre11</diseno>
    <rubro>Decoración</rubro>
    <cantidad>1</cantidad>
    <costo>2.35</costo>
    <costototal>2.35</costototal>
  </Material>
</root>