<usuarios>
  <Usuario>
    <nombre>Raúl Pineda</nombre>
    <user>elraul123</user>
    <email>raul@gmail.com</email>
    <contrasena>12345678</contrasena>
  </Usuario>
  <Usuario>
    <nombre>pan</nombre>
    <user>bingchilin</user>
    <email>as@gmail.com</email>
    <contrasena>asasasas</contrasena>
  </Usuario>
  <Usuario>
    <nombre>Cristian Barroso</nombre>
    <user>barroso06</user>
    <email>barroso06@gmail.com</email>
    <contrasena>fedeOrionFiu</contrasena>
  </Usuario>
  <Usuario>
    <nombre>Roxana</nombre>
    <user>ro123</user>
    <email>r@gmail.com</email>
    <contrasena>12345678</contrasena>
  </Usuario>
  <Usuario>
    <nombre>Roxana</nombre>
    <user>ro1234</user>
    <email>r@gmail.com</email>
    <contrasena>12345678</contrasena>
  </Usuario>
  <Usuario>
    <nombre>Roxi</nombre>
    <user>ro12345</user>
    <email>r@gmail.com</email>
    <contrasena>12345678</contrasena>
  </Usuario>
  <Usuario>
    <nombre>Luisa</nombre>
    <user>luisa123</user>
    <email>luisa@gmail.com</email>
    <contrasena>12345678</contrasena>
  </Usuario>
  <Usuario>
    <nombre>Lola</nombre>
    <user>lola123</user>
    <email>lola@gmail.com</email>
    <contrasena>12345678</contrasena>
  </Usuario>
</usuarios>