<?xml version="1.0" encoding="UTF-8"?>
<project-private xmlns="http://www.netbeans.org/ns/project-private/1">
    <editor-bookmarks xmlns="http://www.netbeans.org/ns/editor-bookmarks/2" lastBookmarkId="0"/>
    <open-files xmlns="http://www.netbeans.org/ns/projectui-open-files/2">
        <group>
            <file>file:/D:/Program%20Disc%20D/Proyecto%20De%20POO%20Java/LUDIK/LudikPrincipal6/src/vista/VentanaPrincipal.java</file>
            <file>file:/D:/Program%20Disc%20D/Proyecto%20De%20POO%20Java/LUDIK/LudikPrincipal6/src/vista/VentanaQuienesSomos.java</file>
            <file>file:/D:/Program%20Disc%20D/Proyecto%20De%20POO%20Java/LUDIK/LudikPrincipal6/src/vista/VentanaContactanos.java</file>
            <file>file:/D:/Program%20Disc%20D/Proyecto%20De%20POO%20Java/LUDIK/LudikPrincipal6/src/controller/Controladora.java</file>
        </group>
    </open-files>
</project-private>
